Accelerated Reader 360,Accelerated Reader 360
Amplify,Amplify
Pearson,Pearson
BrainPOP,BrainPOP
CommonLit,CommonLit
Core Knowledge,Core Knowledge
Cortex,Cortex
Discovery Ed Tech Book,"Discovery Ed Tech Book, Discovery Education, Discovery Ed"
EL Education,"EL Education, Expeditionary Learning"
EngageNY Math,"Eureka Math, EngageNY Math"
Flocabulary (by nearpod),Flocabulary
FOSS,FOSS
Freckle,Freckle
GoFormative,GoFormative
Go Math!,Go Math
Google Classroom,Google Classroom
Great Minds Wit and Wisdom,Great Minds Wit and Wisdom
IDO,IDO
Illuminate,Illuminate
Imagine Learning,Imagine Learning
INET,INET
iPuzzle,iPuzzle
iReady,iReady
IXL,IXL
Jump Math,Jump Math
Kahoot,Kahoot
Khan Academy,Khan Academy
LearnZillion,LearnZillion
Lexia,Lexia
Mathletics ,Mathletics 
MobyMax,MobyMax
myON,myON
NearPod,NearPod
NewsEla,NewsEla
Next Generation Learning Standards,Next Generation Learning Standards
Passports,Passports
Pathblazers,Pathblazers
Picture Perfect Science,Picture Perfect Science
Quill,Quill
Quizlet,Quizlet
RazKids,RazKids
Read180,Read180
Reading AZ,Reading AZ
Readorium,Readorium
ReadWorks,ReadWorks
ReadyGen,ReadyGen
ReflexMath,ReflexMath
REWARDS,REWARDS
Rosetta Stone,Rosetta Stone
Sanford Harmony,Sanford Harmony
Schoology,Schoology
Splash Math,Splash Math
STAR reading,STAR reading
Starfalls,Starfalls
Summit,Summit
Tableau,Tableau
The Writing Revolution (TWR),The Writing Revolution (TWR)
ThinkCERCA,ThinkCERCA
Versal,Versal
Writing City,Writing City
Zearn,Zearn
Algebra for All,Algebra for All
Big Day,Big Day
CodeX,CodeX
Early Foundations,Early Foundations
EngageNY,EngageNY
Generation Ready,Generation Ready
Harcourt Science,Harcourt Science
i-Ready,i-Ready
Learning Partners Program,Learning Partners Program
Learning Science Institute,Learning Science Institute
Ignite,Ignite
Literacy Design Collaborative,Literacy Design Collaborative
Math Collective,Math Collective
Reading Recovery,Reading Recovery
Reading Rescue,Reading Rescue
Soar To Success,Soar To Success
Teacher's College Reading and Writing Project,"Teacher's College, TCRWP, TC Reading and Writing Project"
Think Central,Think Central
Voyager Passport,Voyager Passport
Hochman Writing,Hochman Writing
Cross-content literacy,Cross-content literacy
Leveled Literacy Intervention,Leveled Literacy Intervention
Word Generation,Word Generation
Just Words,Just Words
CUBES,CUBES
XtraMath,XtraMath
Project Bridge,Project Bridge
Bridges Math,Bridges Math
Fundations,Fundations
Reach into Phonics,Reach into Phonics
Reach for Reading,Reach for Reading
Leader in Me,Leader in Me
Ticket to Read,Ticket to Read
Books That Help Us Grow,Books That Help Us Grow
Compass Learning,Compass Learning
Reading Street,Reading Street
Fountas and Pinnell,Fountas and Pinnell
Star Literacy,Star Literacy
Star Math,Star Math
Start Math,Start Math
Recipe for Reading,Recipe for Reading
Wordly Wise,Wordly Wise
Do The Math,Do The Math
Spellcity,Spellcity
Study Island,Study Island
Legacy Pathways,Legacy Pathways
Envision,Envision
Acuity,Acuity
Illustrative Mathematics,Illustrative Mathematics
UMathX,UMathX
